longitude,latitude,Number_of_Vehicles,Number_of_Casualties,test,Time,Speed_limit,Accident_Severity
78.61039332,14.72402585,1.0,1.0,0.0,0.6,30.0,2.0
78.53404158,14.76235346,1.0,1.0,0.7,17.6,30.0,3.0
78.47087739,14.74560635,2.0,1.0,0.0,0.3,30.0,3.0
78.55799399,14.66712796,1.0,1.0,0.4,10.6,30.0,3.0
78.57643143,14.70344275,1.0,1.0,0.9,21.2,30.0,3.0
78.53105133,14.73735895,2.0,1.0,0.5,12.7,30.0,3.0
78.51672417,14.77949108,2.0,1.0,0.9,20.7,30.0,3.0
78.57055271,14.74135682,1.0,2.0,0.7,17.6,30.0,3.0
78.51020892,14.67901549,2.0,2.0,0.9,22.7,30.0,3.0
78.56704157,14.7992631,2.0,5.0,0.7,16.0,30.0,3.0
78.63085265,14.80453592,1.0,1.0,0.0,0.7,30.0,3.0
78.56039757,14.72807038,2.0,1.0,0.9,20.8,30.0,3.0
78.54800398,14.73695141,1.0,1.0,0.5,12.9,30.0,3.0
78.51510124,14.78661225,2.0,1.0,0.2,5.0,30.0,3.0
78.54884501,14.76177454,1.0,2.0,0.5,11.3,30.0,3.0
78.62517787,14.79778677,1.0,1.0,0.5,10.8,30.0,3.0
78.6056363,14.75023732,2.0,1.0,0.0,0.3,30.0,2.0
78.48561567,14.67274885,2.0,1.0,0.4,9.3,30.0,3.0
78.59611776,14.76982921,2.0,1.0,0.9,21.3,30.0,3.0
78.61996151,14.72219681,1.0,1.0,0.1,3.0,30.0,2.0
78.57722074,14.68993894,1.0,1.0,0.9,21.8,30.0,3.0
78.60244576,14.78535045,2.0,1.0,0.7,17.1,30.0,3.0
78.64223571,14.6911247,2.0,1.0,0.9,21.5,30.0,3.0
78.63018181,14.684316,2.0,1.0,0.7,17.4,30.0,3.0
78.61960304,14.7120892,2.0,1.0,0.3,7.6,30.0,3.0
78.51960607,14.74996632,1.0,1.0,0.7,16.6,30.0,3.0
78.54789008,14.75608546,2.0,1.0,0.8,20.0,30.0,3.0
78.48281105,14.76917912,2.0,2.0,0.6,13.3,30.0,3.0
78.48775217,14.76713783,2.0,1.0,0.8,18.3,30.0,3.0
78.62494181,14.66271495,2.0,1.0,0.3,7.4,30.0,3.0
78.63752981,14.71344373,2.0,2.0,0.7,17.5,30.0,2.0
78.50776956,14.75667091,2.0,1.0,0.5,12.5,30.0,3.0
78.59392551,14.77905066,2.0,1.0,0.4,9.9,30.0,3.0
78.53039236,14.71063037,2.0,2.0,0.5,13.0,30.0,3.0
78.47719655,14.69047677,4.0,1.0,0.5,13.0,30.0,3.0
78.48284431,14.75576239,2.0,2.0,1.0,22.9,30.0,3.0
78.48314791,14.65934691,2.0,1.0,0.7,17.5,30.0,3.0
78.57127371,14.72357252,2.0,1.0,0.6,15.0,30.0,3.0
78.60569287,14.77430844,2.0,1.0,0.9,21.4,30.0,3.0
78.59067344,14.74691279,2.0,1.0,0.5,12.7,30.0,3.0
78.54745023,14.72881119,1.0,1.0,1.0,23.6,30.0,3.0
78.50725209,14.74086665,2.0,1.0,0.4,9.3,30.0,3.0
78.53432983,14.71956458,1.0,1.0,0.6,13.4,30.0,3.0
78.55225769,14.75605991,2.0,1.0,0.8,20.0,30.0,3.0
78.47752203,14.65886224,2.0,1.0,0.3,8.3,30.0,3.0
78.5168018,14.72059903,2.0,1.0,0.5,11.5,30.0,3.0
78.54244314,14.8042425,2.0,1.0,0.8,18.2,30.0,3.0
78.48020864,14.70004009,1.0,1.0,0.5,11.6,30.0,3.0
78.63411999,14.65696462,2.0,2.0,0.8,20.1,30.0,3.0
78.51191085,14.66926643,2.0,1.0,0.7,16.7,30.0,3.0
78.51845236,14.7951293,2.0,1.0,0.8,18.0,30.0,3.0
78.63335076,14.71925762,1.0,1.0,0.4,10.3,30.0,3.0
78.63917889,14.79691544,1.0,1.0,0.8,18.3,30.0,2.0
78.55732153,14.75235597,2.0,1.0,0.4,10.6,30.0,3.0
78.5178633,14.72475233,1.0,1.0,0.7,17.6,30.0,3.0
78.56840811,14.71223295,1.0,1.0,0.7,16.1,30.0,3.0
78.48648092,14.7668848,1.0,1.0,0.6,13.9,30.0,3.0
78.5896443,14.74396476,2.0,1.0,0.6,14.2,30.0,3.0
78.56578701,14.74663423,2.0,1.0,0.4,10.2,30.0,3.0
78.59949243,14.79266069,1.0,1.0,0.6,14.8,30.0,3.0
78.5428864,14.74747202,3.0,1.0,0.6,14.7,30.0,3.0
78.51649786,14.71827284,2.0,2.0,0.7,17.3,30.0,3.0
78.58783427,14.79753447,2.0,1.0,0.5,12.7,30.0,3.0
78.50462661,14.74186473,1.0,2.0,0.6,13.9,30.0,3.0
78.50372105,14.67450274,2.0,2.0,0.9,22.4,30.0,3.0
78.53697377,14.72235024,4.0,1.0,0.8,18.2,30.0,3.0
78.60142027,14.6920907,2.0,1.0,0.7,16.5,30.0,3.0
78.51914542,14.65809725,1.0,1.0,0.8,19.0,30.0,3.0
78.51682898,14.7622116,1.0,1.0,0.7,17.2,30.0,3.0
78.5874902,14.65829601,2.0,1.0,0.7,17.0,30.0,3.0
78.63977968,14.75147928,2.0,1.0,0.4,9.3,30.0,3.0
78.49362006,14.70929212,1.0,1.0,0.0,0.2,30.0,3.0
78.50978723,14.70005993,3.0,1.0,0.8,19.0,30.0,3.0
78.59567646,14.78371437,1.0,1.0,0.1,1.8,30.0,3.0
78.54136949,14.79076767,1.0,1.0,0.3,8.0,30.0,3.0
78.57581983,14.76767886,1.0,1.0,0.6,14.9,30.0,3.0
78.50021904,14.69646545,2.0,1.0,0.3,8.4,30.0,3.0
78.60265286,14.67691971,1.0,1.0,0.2,4.6,30.0,3.0
78.50214131,14.75677954,1.0,1.0,0.6,13.3,30.0,3.0
78.4917798,14.66685741,2.0,1.0,0.0,0.5,30.0,3.0
78.601506,14.79209554,2.0,1.0,0.8,19.5,30.0,3.0
78.53344659,14.79572839,2.0,1.0,0.5,12.1,30.0,3.0
78.48455418,14.70195026,2.0,1.0,1.0,23.1,30.0,3.0
78.61444643,14.65835189,2.0,1.0,0.9,22.3,30.0,3.0
78.63919316,14.78135494,2.0,1.0,0.6,14.5,30.0,3.0
78.58129086,14.78138849,2.0,1.0,0.8,19.3,30.0,2.0
78.61902632,14.66241545,2.0,1.0,0.8,18.5,30.0,3.0
78.59075788,14.67088489,2.0,4.0,0.1,3.0,30.0,3.0
78.56631994,14.76510556,1.0,1.0,0.4,10.7,30.0,3.0
78.52627463,14.74048644,1.0,1.0,1.0,23.7,30.0,3.0
78.63780456,14.78069749,1.0,1.0,0.9,21.1,30.0,3.0
78.60107905,14.67955824,2.0,1.0,0.8,18.7,30.0,2.0
78.59274347,14.76252813,1.0,1.0,0.7,16.9,30.0,3.0
78.56313479,14.67937043,1.0,1.0,0.6,13.6,30.0,3.0
78.60856414,14.74191231,2.0,1.0,0.0,1.1,30.0,3.0
78.59335206,14.70903447,2.0,1.0,0.5,12.3,30.0,3.0
78.4715623,14.65677436,2.0,1.0,0.4,8.9,30.0,3.0
78.47488499,14.66076976,3.0,1.0,0.7,16.9,30.0,3.0
78.63945235,14.71711614,3.0,2.0,0.6,15.6,30.0,3.0
78.63908275,14.78005852,1.0,1.0,0.7,17.6,30.0,3.0
78.57058917,14.67090569,1.0,1.0,0.4,9.3,30.0,3.0
78.46344518,14.74883981,2.0,1.0,0.0,0.3,30.0,3.0
78.47847421,14.73100256,2.0,1.0,0.5,13.0,30.0,3.0
78.53747456,14.71947132,2.0,1.0,0.8,20.0,30.0,3.0
78.62941011,14.78927976,2.0,1.0,0.6,15.5,30.0,3.0
78.62081325,14.75982788,2.0,1.0,0.4,9.7,30.0,2.0
78.5261796,14.77397946,2.0,1.0,0.4,9.2,30.0,2.0
78.56387498,14.72388961,1.0,2.0,0.6,14.7,30.0,3.0
78.62644835,14.68705541,2.0,1.0,0.3,8.3,30.0,3.0
78.63897516,14.72694687,3.0,2.0,0.5,11.1,30.0,3.0
78.52491295,14.79386514,2.0,1.0,0.9,20.9,30.0,3.0
78.63284938,14.73825519,1.0,1.0,1.0,23.5,30.0,3.0
78.46561537,14.66612627,1.0,1.0,0.9,20.8,30.0,3.0
78.57424101,14.68721774,2.0,1.0,0.8,20.3,30.0,2.0
78.51496972,14.73016531,1.0,1.0,0.6,13.9,30.0,3.0
78.59715089,14.69456664,1.0,2.0,0.6,14.5,30.0,3.0
78.59656167,14.74556922,1.0,1.0,0.4,9.4,30.0,3.0
78.62947418,14.66045209,1.0,1.0,0.8,18.1,30.0,3.0
78.46851877,14.71027655,1.0,1.0,0.6,13.8,30.0,3.0
78.57672392,14.77471619,2.0,1.0,0.7,15.8,30.0,3.0
78.63055429,14.80468822,2.0,1.0,0.3,8.3,30.0,3.0
78.57629322,14.70767864,2.0,1.0,1.0,23.3,30.0,3.0
78.50329991,14.79490273,2.0,1.0,0.8,19.3,30.0,3.0
78.51266275,14.69858571,2.0,1.0,0.5,12.0,30.0,3.0
78.47503602,14.70878444,2.0,1.0,1.0,23.7,30.0,3.0
78.60791282,14.75358474,2.0,1.0,0.5,11.7,30.0,3.0
78.52983052,14.76179671,3.0,1.0,0.5,12.5,30.0,3.0
78.59331286,14.76420208,1.0,1.0,0.5,12.7,30.0,3.0
78.5308538,14.68323088,1.0,1.0,0.4,9.3,30.0,3.0
78.48250575,14.66622816,3.0,1.0,0.3,8.4,30.0,3.0
78.54648246,14.70243018,2.0,1.0,0.8,18.6,30.0,3.0
78.58910297,14.6790203,2.0,1.0,0.7,17.2,30.0,3.0
78.59333209,14.78989934,1.0,1.0,0.6,15.5,30.0,3.0
78.53104421,14.71726722,1.0,1.0,0.1,3.0,30.0,3.0
78.60886599,14.73851985,2.0,1.0,0.4,9.8,30.0,3.0
78.4734492,14.65945932,1.0,1.0,0.6,14.5,30.0,3.0
78.63796093,14.69902435,2.0,1.0,0.5,11.2,30.0,3.0
78.58360051,14.68998045,2.0,1.0,0.7,17.0,30.0,2.0
78.58049308,14.78806724,2.0,1.0,0.6,15.2,30.0,3.0
78.53138575,14.72621264,1.0,1.0,0.6,13.3,30.0,3.0
78.51771818,14.76506434,2.0,1.0,0.9,21.4,30.0,3.0
78.53267456,14.79669925,1.0,1.0,0.0,0.5,30.0,3.0
78.63541032,14.67611552,2.0,1.0,0.4,8.4,30.0,3.0
78.52016722,14.72006418,1.0,1.0,0.4,9.1,30.0,3.0
78.53274753,14.69178919,1.0,1.0,0.7,16.7,30.0,3.0
78.51171699,14.80505263,3.0,1.0,0.4,8.7,30.0,3.0
78.52828898,14.6707471,2.0,1.0,1.0,23.7,30.0,2.0
78.53216836,14.6647056,1.0,1.0,0.8,18.3,30.0,3.0
78.49745637,14.79130625,2.0,1.0,0.3,6.3,30.0,2.0
78.56291399,14.66644638,2.0,1.0,0.4,10.7,30.0,3.0
78.57011463,14.73892886,2.0,1.0,0.4,8.5,30.0,3.0
78.51418176,14.77872964,2.0,1.0,0.5,13.0,30.0,3.0
78.52341118,14.7140019,2.0,1.0,0.8,19.4,30.0,3.0
78.48058843,14.80338568,2.0,1.0,0.4,8.7,30.0,3.0
78.5968315,14.71049446,1.0,1.0,0.6,13.5,30.0,3.0
78.5092686,14.7857426,1.0,1.0,0.8,18.3,30.0,3.0
78.62373567,14.80490284,2.0,1.0,0.7,15.8,30.0,3.0
78.56280849,14.74109205,1.0,1.0,0.4,9.8,30.0,3.0
78.61312089,14.79458328,2.0,1.0,0.8,20.1,30.0,3.0
78.55251349,14.70852042,2.0,1.0,1.0,22.8,30.0,3.0
78.61190049,14.74892807,2.0,1.0,0.4,10.2,30.0,3.0
78.59225886,14.69449824,2.0,2.0,0.8,18.8,30.0,3.0
78.50220319,14.71741426,2.0,1.0,0.7,17.5,30.0,3.0
78.53399951,14.78930585,2.0,1.0,0.4,9.5,30.0,3.0
78.55490051,14.71110477,2.0,1.0,0.5,12.9,30.0,3.0
78.51257609,14.69811304,2.0,1.0,0.5,12.4,30.0,3.0
78.61005704,14.70932652,2.0,1.0,0.7,17.0,30.0,3.0
78.54850974,14.79034087,2.0,1.0,0.8,19.4,30.0,3.0
78.63803175,14.68938755,2.0,1.0,0.8,19.1,30.0,3.0
78.52925268,14.75885863,2.0,1.0,0.3,7.8,30.0,3.0
78.63898644,14.68728438,1.0,1.0,0.9,20.7,30.0,2.0
78.50523158,14.76601943,3.0,1.0,0.6,13.5,30.0,3.0
78.54525948,14.80095176,2.0,1.0,0.9,21.0,30.0,3.0
78.5584442,14.70478832,1.0,1.0,0.7,17.6,30.0,3.0
78.62508454,14.66933649,2.0,1.0,0.7,17.5,30.0,2.0
78.63903383,14.70006203,2.0,1.0,0.6,14.7,40.0,3.0
78.46785122,14.65660403,3.0,1.0,0.0,0.4,30.0,3.0
78.52094189,14.76581159,2.0,1.0,0.0,0.9,30.0,3.0
78.49043054,14.65876791,2.0,1.0,0.9,20.5,30.0,3.0
78.54514131,14.79778304,2.0,1.0,0.4,8.7,30.0,3.0
78.58729119,14.69783034,2.0,1.0,0.4,8.8,30.0,3.0
78.52268708,14.79755994,2.0,1.0,0.7,17.8,30.0,3.0
78.49527903,14.70743115,2.0,1.0,0.8,19.2,30.0,3.0
78.55500885,14.72667968,1.0,1.0,0.9,21.3,30.0,3.0
78.54323638,14.78592584,2.0,1.0,0.6,13.8,30.0,3.0
78.56939416,14.70715153,2.0,1.0,0.7,17.8,30.0,3.0
78.56145892,14.66703382,1.0,1.0,0.5,12.8,30.0,3.0
78.58477415,14.7347871,2.0,1.0,0.7,17.4,30.0,3.0
78.51221227,14.80488103,1.0,1.0,0.8,18.7,30.0,3.0
78.51971959,14.68383777,2.0,1.0,0.4,8.7,30.0,3.0
78.59785657,14.79015961,2.0,1.0,0.6,14.0,30.0,3.0
78.47933433,14.71668444,2.0,1.0,0.2,5.4,30.0,3.0
78.56026501,14.7992987,1.0,1.0,0.6,13.8,30.0,3.0
78.52194701,14.67553021,2.0,1.0,0.7,16.2,30.0,3.0
78.46803998,14.68550389,2.0,1.0,0.8,18.8,30.0,3.0
78.56210707,14.69976021,2.0,1.0,0.5,13.0,30.0,3.0
78.63858789,14.80432387,2.0,1.0,0.8,18.1,30.0,3.0
78.59083118,14.67949361,1.0,1.0,0.9,21.2,30.0,2.0
78.61180959,14.76776344,2.0,1.0,0.7,16.3,30.0,3.0
78.47324674,14.66436759,1.0,1.0,0.7,16.5,30.0,3.0
78.51099805,14.66207149,3.0,1.0,0.5,12.2,30.0,3.0
78.49568104,14.75084927,2.0,1.0,0.7,17.3,30.0,2.0
78.56307436,14.70427349,2.0,1.0,0.5,13.0,30.0,3.0
78.50749072,14.73600151,2.0,1.0,1.0,23.0,30.0,3.0
78.51133428,14.68102881,2.0,1.0,0.6,13.5,30.0,3.0
78.53175096,14.7618112,2.0,1.0,0.7,17.7,30.0,3.0
78.4699991,14.66823316,1.0,1.0,0.7,16.7,30.0,3.0
78.58997564,14.74481977,2.0,1.0,0.7,16.6,30.0,3.0
78.52515075,14.75371748,3.0,1.0,0.8,19.3,30.0,2.0
78.49933886,14.70154968,3.0,1.0,0.8,18.7,30.0,3.0
78.46902561,14.72458462,1.0,1.0,0.8,18.9,30.0,3.0
78.55824492,14.66468949,2.0,1.0,1.0,23.8,30.0,3.0
78.55418383,14.77118443,2.0,1.0,0.5,11.5,40.0,3.0
78.57290637,14.68586346,1.0,1.0,0.8,20.4,30.0,2.0
78.53876108,14.74219912,2.0,1.0,0.8,18.4,30.0,3.0
78.61986326,14.73015342,2.0,2.0,0.6,14.3,30.0,3.0
78.50956466,14.74851539,2.0,1.0,0.5,12.9,30.0,3.0
78.49658361,14.77771509,2.0,1.0,0.5,11.0,30.0,3.0
78.48772909,14.68063512,1.0,1.0,0.2,3.7,30.0,3.0
78.63242285,14.67347275,1.0,1.0,0.8,20.2,30.0,3.0
78.59659169,14.67742815,2.0,1.0,0.7,16.0,30.0,3.0
78.48340251,14.77234364,2.0,1.0,0.8,19.3,30.0,3.0
78.62145242,14.70635319,1.0,1.0,0.1,1.7,30.0,3.0
78.56335729,14.74545069,2.0,1.0,0.4,8.8,30.0,3.0
78.51051755,14.73706108,2.0,1.0,0.9,21.0,30.0,3.0
78.51911099,14.79872311,2.0,1.0,0.6,15.3,30.0,3.0
78.61731038,14.66548537,2.0,1.0,0.9,20.4,30.0,3.0
78.52154554,14.68690148,2.0,1.0,0.5,12.9,30.0,3.0
78.57084194,14.72122498,2.0,1.0,0.4,8.5,30.0,3.0
78.60753191,14.74998795,1.0,1.0,0.7,16.9,30.0,3.0
78.54316762,14.73574955,2.0,1.0,0.9,22.7,30.0,2.0
78.5258935,14.80328134,1.0,1.0,0.8,20.3,30.0,3.0
78.52988136,14.78118066,2.0,1.0,0.0,0.9,30.0,3.0
78.59297125,14.75655046,2.0,1.0,0.6,13.3,30.0,3.0
78.5090037,14.78931699,2.0,1.0,0.5,12.4,30.0,3.0
78.57213853,14.76171002,2.0,1.0,0.5,12.9,30.0,3.0
78.49023676,14.77480917,2.0,1.0,0.8,20.1,30.0,3.0
78.50628714,14.71704441,1.0,1.0,0.8,19.5,30.0,2.0
78.55311898,14.68678665,2.0,1.0,0.7,17.1,30.0,3.0
78.49984809,14.76036765,1.0,1.0,0.7,16.1,30.0,3.0
78.54306354,14.79621424,2.0,1.0,0.5,12.1,30.0,3.0
78.50713341,14.75506939,1.0,1.0,0.4,9.7,30.0,3.0
78.53700723,14.73111455,2.0,1.0,0.7,15.7,30.0,3.0
78.49172454,14.73206479,2.0,1.0,0.4,8.9,30.0,3.0
78.61683574,14.71447647,1.0,1.0,0.5,12.4,30.0,3.0
78.57384031,14.67299047,2.0,1.0,0.8,19.3,30.0,3.0
78.53690866,14.66367782,1.0,1.0,0.7,17.3,30.0,3.0
78.49967402,14.68530086,2.0,1.0,0.3,7.0,30.0,3.0
78.49973569,14.72369516,2.0,1.0,0.7,16.9,30.0,3.0
78.48617375,14.80351026,2.0,1.0,0.7,16.8,30.0,3.0
78.5693854,14.71688689,2.0,1.0,0.7,17.0,30.0,3.0
78.5114404,14.66381637,2.0,2.0,0.6,13.3,30.0,3.0
78.63823895,14.70077042,1.0,1.0,0.5,12.5,30.0,3.0
78.62302656,14.77154227,2.0,1.0,0.5,11.0,30.0,3.0
78.57208692,14.68758605,2.0,2.0,0.4,8.8,30.0,3.0
78.51878533,14.79802942,2.0,1.0,0.3,7.8,30.0,3.0
78.50909015,14.78240267,2.0,1.0,0.4,8.6,30.0,3.0
78.54811166,14.75619763,2.0,1.0,0.4,9.0,30.0,3.0
78.58016673,14.70005358,2.0,1.0,0.5,12.5,30.0,3.0
78.57654882,14.68743235,2.0,1.0,0.8,18.0,30.0,3.0
78.62258541,14.71756967,2.0,1.0,0.7,15.8,30.0,2.0
78.54134847,14.76949621,2.0,1.0,0.9,21.8,30.0,3.0
78.50675512,14.79231236,1.0,1.0,0.5,12.5,30.0,3.0
78.47561149,14.67744995,3.0,1.0,0.4,10.8,30.0,3.0
78.46669406,14.66280003,2.0,1.0,1.0,23.3,30.0,3.0
78.50632146,14.71686804,2.0,2.0,0.8,18.4,30.0,3.0
78.49209238,14.68786293,2.0,1.0,0.5,11.5,30.0,2.0
78.6282314,14.78187849,1.0,1.0,0.8,18.0,30.0,3.0
78.62495166,14.7360332,2.0,1.0,0.8,18.8,30.0,3.0
78.63325003,14.66206471,2.0,1.0,0.9,20.8,30.0,3.0
78.49548664,14.78413513,1.0,1.0,1.0,23.4,30.0,2.0
78.51916272,14.80101683,2.0,1.0,0.8,18.6,30.0,2.0
78.61271387,14.78976302,2.0,1.0,0.4,8.8,30.0,2.0
78.59020358,14.72741553,2.0,1.0,0.8,18.7,30.0,2.0
78.55210481,14.69242758,1.0,1.0,0.9,22.2,30.0,3.0
78.48009176,14.78662026,2.0,1.0,0.3,8.0,30.0,3.0
78.51214606,14.69029968,2.0,1.0,0.5,12.0,30.0,3.0
78.57737336,14.77971545,2.0,1.0,0.2,4.4,30.0,3.0
78.47616014,14.73265712,2.0,1.0,0.6,13.8,30.0,3.0
78.49170806,14.67588605,2.0,1.0,0.9,22.6,30.0,3.0
78.47974987,14.73120154,1.0,1.0,0.4,10.8,30.0,3.0
78.55747894,14.76903097,2.0,1.0,0.9,21.3,30.0,3.0
78.60541356,14.69379498,1.0,1.0,0.7,16.0,30.0,3.0
78.50441471,14.72828575,2.0,1.0,0.8,18.6,30.0,3.0
78.63643436,14.7068718,2.0,1.0,0.8,19.7,30.0,3.0
78.53629181,14.71105868,2.0,1.0,0.7,15.8,30.0,3.0
78.57744448,14.66574332,2.0,2.0,0.8,19.8,30.0,3.0
78.51809195,14.68098776,1.0,1.0,0.4,10.2,30.0,3.0
78.63146863,14.7590843,2.0,1.0,0.7,16.3,30.0,3.0
78.52981934,14.76660078,3.0,1.0,0.4,9.2,30.0,3.0
78.48806092,14.79040413,2.0,1.0,0.4,10.5,30.0,3.0
78.47544959,14.7335497,3.0,1.0,0.5,12.2,30.0,3.0
78.51424446,14.76544574,2.0,1.0,0.7,15.9,30.0,2.0
78.63263448,14.68221368,2.0,1.0,0.8,18.0,30.0,3.0
78.58434051,14.78476528,3.0,1.0,0.7,16.8,30.0,3.0
78.56507233,14.72774735,2.0,1.0,1.0,23.8,30.0,2.0
78.60023333,14.69295855,2.0,1.0,0.7,16.3,50.0,3.0
78.50713514,14.66838776,3.0,2.0,0.4,9.0,30.0,3.0
78.52376459,14.78478488,1.0,1.0,0.6,14.5,30.0,3.0
78.63783856,14.75145227,1.0,1.0,0.7,15.6,30.0,3.0
78.59327332,14.70024915,2.0,1.0,0.6,13.3,30.0,3.0
78.60970802,14.69571563,2.0,1.0,0.4,10.6,30.0,3.0
78.51079953,14.75427531,1.0,1.0,0.4,10.7,30.0,3.0
78.48965821,14.72656662,1.0,1.0,0.5,11.1,30.0,3.0
78.46936852,14.66938889,2.0,1.0,0.1,1.7,30.0,3.0
78.55689639,14.78242374,2.0,1.0,0.4,9.9,30.0,3.0
78.60087333,14.78340726,2.0,1.0,0.4,10.0,30.0,3.0
78.55490165,14.72840825,2.0,1.0,0.6,13.7,30.0,3.0
78.55771901,14.80221565,1.0,1.0,0.3,7.2,30.0,3.0
78.54161986,14.69705483,2.0,3.0,0.5,12.8,30.0,3.0
78.63439045,14.65839125,1.0,1.0,1.0,23.9,30.0,3.0
78.4743251,14.77099798,2.0,1.0,0.8,19.5,30.0,3.0
78.6301266,14.72254784,2.0,2.0,0.6,15.6,30.0,3.0
78.47012294,14.70951832,1.0,1.0,0.3,7.1,30.0,3.0
78.62984631,14.77544846,2.0,2.0,0.5,11.5,30.0,2.0
78.5962481,14.66968795,2.0,1.0,0.5,11.8,30.0,3.0
78.61894948,14.66778696,2.0,1.0,0.6,13.3,30.0,3.0
78.5029841,14.7739841,2.0,1.0,0.3,7.7,30.0,3.0
78.47169251,14.79088419,2.0,1.0,0.8,18.9,30.0,3.0
78.47963182,14.66667239,2.0,1.0,0.8,19.1,30.0,3.0
78.6090894,14.69521069,2.0,1.0,0.7,17.5,30.0,3.0
78.64246377,14.78980067,2.0,1.0,0.3,7.9,30.0,3.0
78.63300268,14.68292814,2.0,1.0,0.5,10.8,30.0,3.0
78.46977434,14.71538941,1.0,2.0,1.0,23.5,30.0,2.0
78.51827972,14.71925189,2.0,1.0,0.8,19.8,30.0,3.0
78.49127783,14.7749603,2.0,1.0,1.0,23.6,30.0,3.0
78.55483725,14.75836431,2.0,1.0,0.8,18.5,30.0,3.0
78.50241736,14.7203547,2.0,1.0,0.7,15.8,30.0,3.0
78.62768177,14.76606565,1.0,1.0,0.1,2.0,30.0,3.0
78.62746924,14.66079676,1.0,1.0,0.7,17.8,30.0,3.0
78.51025771,14.71864554,2.0,1.0,0.8,18.1,20.0,3.0
78.64165765,14.79135592,2.0,2.0,0.8,19.8,30.0,3.0
78.49218747,14.75235812,2.0,1.0,0.5,13.0,30.0,2.0
78.5570065,14.7282784,2.0,1.0,0.3,7.0,30.0,3.0
78.52693467,14.75035534,2.0,1.0,1.0,23.3,30.0,3.0
78.60002982,14.72224332,2.0,1.0,0.8,18.1,30.0,3.0
78.48493829,14.7683047,1.0,1.0,0.7,15.8,30.0,2.0
78.54929233,14.78308418,3.0,1.0,0.7,17.5,30.0,3.0
78.48354668,14.76704076,2.0,1.0,0.5,13.2,30.0,3.0
78.56883318,14.79190576,2.0,1.0,1.0,23.3,30.0,3.0
78.56607108,14.666249,2.0,1.0,0.6,15.3,30.0,3.0
78.6211453,14.80428889,3.0,1.0,0.6,14.3,30.0,3.0
78.61721504,14.68315458,2.0,1.0,0.6,14.0,30.0,3.0
78.5055848,14.72490501,2.0,1.0,0.4,9.7,30.0,2.0
78.61641686,14.66245571,2.0,1.0,0.7,16.1,30.0,3.0
78.5823083,14.79660932,2.0,1.0,0.7,16.4,30.0,3.0
78.46855776,14.71828871,2.0,1.0,0.4,9.2,30.0,3.0
78.61866175,14.69414695,1.0,2.0,0.7,16.8,30.0,3.0
78.54535858,14.6947375,2.0,1.0,0.8,18.8,30.0,2.0
78.54427878,14.66438323,1.0,2.0,0.9,21.0,30.0,3.0
78.55636369,14.67643296,2.0,1.0,0.3,7.7,30.0,3.0
78.48400842,14.67635323,1.0,1.0,0.7,17.8,30.0,3.0
78.53793668,14.7856484,2.0,1.0,0.8,19.8,30.0,3.0
78.6360229,14.71844504,2.0,1.0,0.0,0.7,30.0,3.0
78.47026242,14.68066512,2.0,1.0,0.4,10.3,30.0,3.0
78.59842131,14.79765213,2.0,1.0,0.4,8.6,30.0,3.0
78.64251428,14.76959149,2.0,1.0,0.7,17.8,30.0,2.0
78.47596283,14.74644541,2.0,1.0,0.8,18.7,50.0,3.0
78.54495123,14.75888938,2.0,1.0,0.6,14.1,30.0,3.0
78.61574494,14.80011732,3.0,1.0,0.7,17.2,30.0,3.0
78.62832245,14.74078714,2.0,1.0,0.3,7.8,30.0,3.0
78.46941866,14.66151845,2.0,1.0,0.8,18.8,30.0,3.0
78.56585433,14.72923928,2.0,1.0,0.7,16.2,30.0,2.0
78.63201283,14.73800956,2.0,1.0,0.8,18.3,30.0,3.0
78.56037816,14.80283387,2.0,1.0,0.9,21.2,30.0,3.0
78.56228907,14.66234064,2.0,1.0,0.9,20.5,30.0,3.0
78.61558599,14.7027698,2.0,1.0,0.4,10.3,30.0,2.0
78.60065039,14.76434288,2.0,1.0,0.4,9.3,30.0,3.0
78.55970579,14.80222413,2.0,1.0,0.3,8.1,30.0,3.0
78.62728887,14.79453532,2.0,1.0,0.9,21.3,30.0,2.0
78.47895,14.70259881,2.0,1.0,1.0,23.0,30.0,2.0
78.57717785,14.69583234,1.0,1.0,0.5,11.1,30.0,3.0
78.52051856,14.662673,1.0,1.0,0.5,12.0,30.0,3.0
78.62378219,14.68170586,1.0,1.0,0.4,9.5,30.0,3.0
78.57691734,14.78841175,3.0,1.0,0.7,17.8,30.0,3.0
78.46463445,14.74629362,4.0,4.0,0.3,7.5,30.0,3.0
78.54016416,14.6832666,1.0,1.0,0.8,18.3,30.0,3.0
78.61614241,14.79293317,2.0,1.0,0.8,20.3,30.0,3.0
78.54638543,14.74545249,2.0,1.0,0.5,12.5,30.0,2.0
78.48554726,14.69804608,1.0,1.0,1.0,23.5,30.0,2.0
78.60138877,14.74893791,2.0,1.0,0.4,9.8,30.0,2.0
78.48192255,14.73077678,2.0,1.0,0.7,16.0,30.0,3.0
78.6312254,14.74352327,2.0,1.0,0.6,14.7,30.0,3.0
78.51288319,14.67342825,2.0,1.0,0.5,11.7,30.0,3.0
78.60605337,14.69973985,2.0,1.0,0.8,19.3,30.0,3.0
78.64267823,14.76034396,1.0,1.0,0.7,16.7,30.0,3.0
78.60030099,14.70275233,2.0,1.0,0.7,16.2,30.0,3.0
78.60136994,14.66626162,2.0,1.0,0.3,8.0,30.0,2.0
78.52266229,14.74112063,1.0,1.0,0.5,11.5,30.0,3.0
78.47876653,14.73613254,1.0,1.0,0.5,12.9,30.0,3.0
78.60844324,14.72814121,2.0,1.0,0.4,9.8,30.0,3.0
78.52641492,14.68632523,2.0,1.0,0.7,17.5,30.0,3.0
78.63184943,14.67527076,2.0,1.0,0.6,14.0,30.0,3.0
78.48211029,14.72040501,1.0,1.0,0.6,14.0,30.0,3.0
78.51199714,14.70995112,2.0,1.0,0.4,8.4,30.0,3.0
78.5763601,14.77154152,2.0,1.0,0.3,8.3,30.0,3.0
78.55391299,14.7740181,2.0,1.0,0.5,13.0,30.0,3.0
78.46301691,14.74720643,2.0,1.0,0.9,21.5,30.0,3.0
78.62464892,14.75308679,2.0,1.0,0.6,13.5,30.0,3.0
78.46704417,14.75930861,1.0,1.0,1.0,23.1,30.0,2.0
78.55848504,14.71539391,2.0,1.0,0.5,12.8,30.0,3.0
78.51732874,14.67259742,2.0,1.0,0.6,15.3,30.0,3.0
78.6291288,14.72506759,2.0,1.0,0.6,13.4,30.0,3.0
78.48220986,14.68614189,2.0,1.0,0.4,10.0,30.0,3.0
78.60468858,14.7696256,1.0,1.0,0.7,16.3,30.0,3.0
78.52351133,14.79383918,2.0,1.0,0.8,19.1,30.0,3.0
78.63890419,14.66573112,2.0,1.0,0.6,13.3,30.0,3.0
78.5590911,14.78539287,2.0,1.0,0.7,16.7,30.0,3.0
78.58491108,14.70506197,1.0,2.0,0.0,0.5,30.0,2.0
78.53573229,14.68513044,2.0,1.0,0.9,20.5,30.0,3.0
78.59324642,14.70488776,2.0,2.0,0.7,16.7,30.0,3.0
78.60800779,14.71657323,2.0,1.0,0.4,8.9,30.0,3.0
78.50281891,14.78494008,2.0,1.0,0.5,12.9,30.0,3.0
78.63289752,14.70096225,2.0,1.0,0.8,19.1,30.0,3.0
78.52944959,14.78035654,2.0,1.0,0.7,16.7,30.0,3.0
78.503989,14.73325365,1.0,1.0,0.8,19.3,30.0,3.0
78.55804645,14.73436045,2.0,1.0,0.6,14.1,30.0,3.0
78.57389646,14.72614352,2.0,1.0,1.0,23.3,30.0,3.0
78.46697367,14.75706621,1.0,1.0,0.7,16.4,30.0,3.0
78.5708188,14.79659274,2.0,1.0,0.4,10.6,30.0,2.0
78.58075776,14.8006081,2.0,1.0,0.5,11.2,30.0,3.0
78.59514156,14.75504229,2.0,1.0,0.3,7.9,30.0,3.0
78.48505126,14.72608423,2.0,1.0,0.5,12.2,30.0,3.0
78.51041316,14.80351657,2.0,1.0,0.6,15.5,30.0,3.0
78.50446142,14.67104731,2.0,1.0,0.3,7.1,30.0,2.0
78.47072823,14.72987882,2.0,1.0,0.7,16.2,30.0,3.0
78.62242438,14.78233233,1.0,1.0,0.3,8.0,30.0,2.0
78.63723671,14.70518666,1.0,8.0,0.8,18.4,30.0,3.0
78.49125392,14.69749682,1.0,1.0,0.7,17.8,30.0,3.0
78.46883038,14.70053854,2.0,2.0,0.9,22.6,30.0,3.0
78.47601286,14.72609045,2.0,1.0,0.9,20.5,30.0,3.0
78.61983671,14.71290057,1.0,1.0,0.6,15.2,30.0,3.0
78.4663422,14.77668987,2.0,1.0,0.8,19.9,30.0,2.0
78.58441322,14.77684065,2.0,1.0,0.8,19.8,30.0,3.0
78.47385387,14.74312333,2.0,1.0,0.7,16.0,30.0,3.0
78.46305644,14.73622384,2.0,1.0,0.6,13.8,30.0,2.0
78.62101766,14.71119153,2.0,1.0,0.8,19.4,30.0,3.0
78.53655881,14.76164493,1.0,1.0,0.4,10.4,30.0,3.0
78.54195346,14.73699922,1.0,2.0,0.7,17.6,30.0,3.0
78.49315304,14.68513945,2.0,2.0,0.5,12.4,30.0,3.0
78.48506448,14.65919673,2.0,1.0,0.8,19.6,30.0,3.0
78.61449753,14.79511709,1.0,1.0,0.8,18.3,30.0,3.0
78.63211689,14.68203967,1.0,1.0,0.8,18.8,30.0,3.0
78.57336095,14.71313183,2.0,1.0,0.3,7.3,30.0,2.0
78.57013826,14.70995349,2.0,1.0,0.7,16.5,30.0,3.0
78.54786125,14.66163674,2.0,1.0,0.7,15.7,30.0,3.0
78.56285873,14.65765885,2.0,3.0,0.7,17.0,30.0,3.0
78.6262942,14.68990504,1.0,1.0,0.5,12.3,30.0,3.0
78.61861793,14.69698297,1.0,1.0,1.0,23.9,30.0,2.0
78.57802053,14.73654687,2.0,1.0,0.7,17.6,30.0,3.0
78.53340528,14.7084104,3.0,1.0,0.0,0.2,30.0,3.0
78.5366164,14.73995023,2.0,1.0,0.8,19.3,30.0,3.0
78.51340081,14.67804508,2.0,1.0,0.7,17.8,30.0,3.0
78.58528152,14.77507686,3.0,1.0,0.7,16.3,30.0,3.0
78.47536095,14.79176727,2.0,2.0,0.8,20.1,30.0,3.0
78.63000205,14.67586399,2.0,1.0,0.8,18.0,30.0,3.0
78.50319307,14.77584444,1.0,1.0,1.0,22.9,50.0,2.0
78.50339206,14.66618362,1.0,1.0,0.6,13.3,30.0,3.0
78.47667376,14.66565288,2.0,1.0,0.8,18.7,30.0,3.0
78.52601813,14.65706308,1.0,1.0,0.5,11.7,30.0,3.0
78.51698662,14.76981903,2.0,1.0,0.7,16.0,30.0,3.0
78.56981112,14.7315291,2.0,1.0,0.4,9.1,30.0,3.0
78.53563539,14.75917494,2.0,2.0,0.8,20.2,30.0,3.0
78.62011589,14.73027,1.0,1.0,0.5,11.2,30.0,3.0
78.62134621,14.71357371,1.0,1.0,0.3,7.7,30.0,3.0
78.49287921,14.76013263,2.0,1.0,0.4,9.4,30.0,3.0
78.4813579,14.72713344,1.0,1.0,0.7,16.0,30.0,3.0
78.46616176,14.74759801,2.0,1.0,0.4,8.8,30.0,3.0
78.55393523,14.80347702,2.0,1.0,0.4,9.2,30.0,3.0
78.61589988,14.75680176,3.0,1.0,0.7,16.3,30.0,3.0
78.51354649,14.66885171,2.0,1.0,0.5,12.6,30.0,3.0
78.49115896,14.68705366,1.0,1.0,0.9,20.8,30.0,2.0
78.57670121,14.68196887,3.0,1.0,0.6,15.0,30.0,3.0
78.538297,14.70771612,2.0,1.0,0.8,18.6,30.0,3.0
78.48344439,14.65894818,2.0,1.0,1.0,23.9,30.0,3.0
78.49949279,14.70631967,2.0,1.0,0.7,15.7,30.0,3.0
78.49013387,14.7615438,1.0,1.0,0.7,16.5,30.0,3.0
78.48131639,14.68238373,2.0,1.0,0.4,10.6,30.0,3.0
78.54578293,14.73854161,1.0,1.0,0.2,4.9,30.0,3.0
78.59412747,14.69350728,2.0,1.0,0.4,9.0,30.0,3.0
78.46495284,14.6996605,2.0,1.0,0.4,9.0,30.0,3.0
78.58577431,14.68655124,1.0,1.0,0.5,11.3,30.0,2.0
78.56078255,14.71183047,2.0,1.0,0.4,8.4,30.0,3.0
78.60117738,14.78007427,1.0,1.0,0.9,22.2,30.0,3.0
78.55489548,14.69390649,1.0,1.0,0.8,19.2,30.0,3.0
78.49036282,14.80095253,2.0,1.0,0.8,19.2,30.0,3.0
78.53908734,14.72035673,2.0,1.0,0.4,9.1,30.0,3.0
78.55830005,14.69055958,1.0,1.0,0.9,21.8,30.0,3.0
78.58657755,14.66763161,2.0,1.0,0.8,18.5,30.0,3.0
78.47041408,14.78019303,1.0,1.0,0.7,16.2,30.0,3.0
78.58025622,14.68054046,1.0,1.0,0.6,14.9,30.0,3.0
78.50651218,14.70776923,2.0,1.0,0.3,7.7,30.0,3.0
78.56027046,14.66189995,2.0,1.0,0.6,13.3,30.0,3.0
78.60432551,14.69909915,1.0,1.0,0.4,10.1,30.0,3.0
78.54189077,14.76339984,2.0,1.0,0.5,11.7,30.0,2.0
78.5147826,14.71409468,2.0,1.0,0.7,16.7,30.0,3.0
78.58619041,14.6948484,2.0,1.0,0.2,4.9,30.0,3.0
78.55284025,14.70589803,1.0,1.0,0.8,19.0,30.0,3.0
78.47623416,14.6678057,2.0,1.0,0.6,13.3,30.0,2.0
78.60778549,14.74711976,2.0,1.0,0.3,7.6,30.0,2.0
78.48305977,14.76507334,1.0,1.0,0.6,13.8,30.0,3.0
78.54378485,14.72990613,2.0,1.0,0.8,18.5,30.0,3.0
78.54577735,14.76021197,2.0,1.0,0.6,14.2,30.0,3.0
78.63593486,14.72832204,2.0,1.0,0.7,16.4,30.0,3.0
78.63278385,14.7586629,1.0,1.0,0.3,7.9,30.0,2.0
78.54582232,14.696685,1.0,1.0,1.0,23.5,30.0,3.0
78.58628689,14.78168129,2.0,1.0,0.9,20.8,30.0,3.0
78.51634044,14.79510902,1.0,1.0,1.0,22.9,30.0,3.0
78.63397403,14.6776865,1.0,1.0,0.7,16.0,30.0,3.0
78.56183682,14.70463357,2.0,1.0,0.5,12.3,30.0,3.0
78.60976275,14.80158797,2.0,2.0,0.4,10.4,40.0,3.0
78.48905384,14.66230405,3.0,1.0,0.5,12.6,30.0,3.0
78.50356716,14.7526789,1.0,1.0,0.7,16.0,30.0,3.0
78.59497719,14.7680431,1.0,1.0,0.6,15.1,30.0,3.0
78.60919974,14.71191324,2.0,1.0,0.7,16.2,30.0,3.0
78.49789406,14.77239026,2.0,2.0,0.4,10.3,30.0,2.0
78.6220705,14.67691345,1.0,2.0,0.7,17.9,30.0,3.0
78.52625253,14.68154281,2.0,1.0,0.8,19.0,30.0,3.0
78.62495732,14.76180753,2.0,1.0,0.8,18.6,30.0,3.0
78.553676,14.75505541,2.0,1.0,0.7,17.1,30.0,3.0
78.46333771,14.68100996,1.0,1.0,0.7,15.6,30.0,2.0
78.51816129,14.72144039,1.0,1.0,0.4,8.5,30.0,3.0
78.53854718,14.76649771,2.0,1.0,0.6,14.5,30.0,3.0
78.49698296,14.79614792,2.0,1.0,0.9,21.2,30.0,3.0
78.49675922,14.67054068,2.0,1.0,1.0,22.8,30.0,3.0
78.49761819,14.73928909,2.0,1.0,0.8,20.3,30.0,3.0
78.5341393,14.68092624,2.0,1.0,0.8,20.2,30.0,3.0
78.46913957,14.77539231,3.0,1.0,0.5,12.2,30.0,3.0
78.63339848,14.67922786,1.0,1.0,0.6,14.9,30.0,3.0
78.58851177,14.747284,1.0,1.0,0.7,16.4,30.0,3.0
78.6063134,14.7157971,1.0,1.0,0.4,8.5,20.0,2.0
78.49037725,14.80105514,2.0,1.0,0.7,17.6,30.0,3.0
78.59541939,14.66913367,1.0,1.0,0.7,15.9,30.0,3.0
78.46376752,14.75200724,1.0,1.0,0.3,8.4,30.0,3.0
78.48590059,14.76237952,1.0,1.0,1.0,23.0,30.0,2.0
78.58416491,14.71565697,2.0,1.0,0.3,7.3,30.0,3.0
78.49891083,14.72609435,4.0,1.0,0.6,13.6,30.0,3.0
78.50890387,14.69349066,2.0,1.0,0.4,8.9,30.0,3.0
78.56599845,14.69242219,2.0,1.0,0.5,11.9,30.0,3.0
78.56886634,14.78602364,1.0,1.0,0.6,13.7,30.0,3.0
78.50750507,14.74829203,2.0,1.0,0.3,7.8,30.0,2.0
78.55933542,14.725884,2.0,1.0,0.4,8.5,30.0,2.0
78.51195934,14.73661094,2.0,1.0,0.8,18.3,30.0,2.0
78.6128827,14.66712032,2.0,1.0,0.8,20.3,30.0,3.0
78.56452127,14.79873582,2.0,1.0,0.4,9.5,30.0,3.0
78.62586752,14.7025344,2.0,2.0,0.6,14.1,30.0,3.0
78.5974467,14.75748208,3.0,1.0,0.5,13.2,30.0,3.0
78.59654869,14.7608293,2.0,1.0,0.4,8.5,30.0,3.0
78.63019093,14.77798103,2.0,1.0,0.9,21.3,30.0,3.0
78.4782755,14.7147547,2.0,1.0,0.4,8.5,30.0,3.0
78.6173827,14.74062443,2.0,1.0,0.4,8.7,30.0,3.0
78.52838454,14.71618967,4.0,1.0,0.8,19.6,30.0,3.0
78.48965276,14.79069376,2.0,2.0,0.4,10.5,30.0,3.0
78.62480201,14.76648669,2.0,1.0,0.4,9.0,30.0,3.0
78.54138585,14.6660723,2.0,1.0,0.1,1.5,30.0,3.0
78.62874336,14.76059573,1.0,1.0,0.4,10.0,30.0,3.0
78.47319311,14.72627341,2.0,1.0,0.1,1.8,30.0,3.0
78.58402346,14.74263641,1.0,1.0,0.5,11.7,30.0,3.0
78.62654124,14.7575194,2.0,1.0,0.3,7.7,30.0,3.0
78.6171538,14.76775498,2.0,1.0,0.7,16.6,30.0,3.0
78.51815695,14.75609074,2.0,1.0,0.0,0.4,30.0,3.0
78.53244648,14.77965823,2.0,1.0,0.6,15.4,30.0,3.0
78.56820231,14.72934983,3.0,1.0,0.3,8.1,30.0,3.0
78.54007916,14.74476723,1.0,1.0,0.8,20.3,30.0,3.0
78.58915475,14.77835088,2.0,4.0,0.8,18.8,30.0,3.0
78.60060903,14.71016891,1.0,1.0,0.5,12.2,30.0,3.0
78.5472371,14.66076528,2.0,1.0,0.8,18.4,30.0,2.0
78.62838208,14.76132107,1.0,1.0,0.6,14.2,30.0,2.0
78.63250065,14.69744793,2.0,1.0,0.6,13.3,30.0,3.0
78.61886194,14.71723915,2.0,1.0,0.7,15.9,30.0,3.0
78.58167138,14.79881899,1.0,1.0,0.5,12.3,30.0,3.0
78.51203264,14.73136476,2.0,1.0,0.4,8.6,30.0,3.0
78.47883421,14.79828558,2.0,1.0,0.5,11.7,30.0,3.0
78.49058638,14.66180422,1.0,1.0,0.9,20.8,30.0,2.0
78.49543944,14.71781157,2.0,2.0,0.7,16.9,30.0,3.0
78.55867748,14.79952493,2.0,2.0,0.7,17.0,30.0,3.0
78.57390913,14.66889486,1.0,1.0,0.6,14.3,30.0,3.0
78.52127895,14.69624053,2.0,1.0,0.9,22.7,30.0,3.0
78.50552157,14.79473592,4.0,3.0,0.8,18.3,30.0,2.0
78.63895279,14.77577504,2.0,1.0,0.4,10.7,30.0,3.0
78.57865943,14.75103947,2.0,1.0,0.7,17.2,30.0,3.0
78.63676959,14.70173692,1.0,1.0,0.5,12.5,30.0,3.0
78.60142348,14.68140974,1.0,1.0,0.6,14.2,30.0,3.0
78.5818859,14.66811099,1.0,1.0,0.5,11.2,30.0,2.0
78.56842627,14.76460717,2.0,1.0,0.4,8.7,30.0,3.0
78.59152243,14.76758135,2.0,4.0,0.7,16.0,30.0,3.0
78.57896877,14.71154081,2.0,2.0,0.6,15.5,30.0,3.0
78.48758022,14.71809761,1.0,2.0,0.7,15.8,30.0,3.0
78.48675863,14.74927634,3.0,1.0,0.4,9.7,30.0,3.0
78.57678183,14.78303014,1.0,1.0,0.7,17.8,30.0,3.0
78.57899015,14.65964872,1.0,1.0,0.6,14.9,30.0,3.0
78.62490477,14.80483931,2.0,1.0,0.5,11.8,30.0,3.0
78.53366688,14.77838523,2.0,1.0,0.8,19.1,30.0,3.0
78.6172014,14.6679015,1.0,1.0,0.6,13.9,30.0,3.0
78.60130547,14.72743472,1.0,1.0,0.6,13.3,30.0,3.0
78.52545234,14.75628041,2.0,1.0,0.9,20.8,30.0,3.0
78.56785658,14.80120204,1.0,1.0,0.4,9.9,30.0,2.0
78.54206225,14.77813548,2.0,2.0,0.3,8.0,30.0,2.0
78.63466843,14.71814252,1.0,1.0,0.7,16.2,30.0,3.0
78.49560538,14.77135752,2.0,1.0,0.8,18.4,30.0,2.0
78.48112066,14.69436257,2.0,1.0,0.8,18.7,30.0,3.0
78.48295543,14.79881572,2.0,1.0,0.4,10.1,30.0,3.0
78.58646298,14.77242569,2.0,1.0,0.5,10.8,30.0,3.0
78.49775982,14.7067231,2.0,1.0,0.3,8.3,30.0,3.0
78.60724185,14.67211084,3.0,1.0,0.5,11.0,30.0,2.0
78.63404963,14.69084283,2.0,1.0,0.0,0.8,30.0,2.0
78.55431158,14.72001337,1.0,1.0,0.4,9.3,30.0,3.0
78.49765069,14.72458754,1.0,1.0,0.7,17.8,30.0,3.0
78.49671003,14.65815197,2.0,1.0,0.3,7.2,30.0,3.0
78.4629791,14.79671477,2.0,1.0,0.7,16.1,30.0,3.0
78.60692847,14.79105088,2.0,1.0,0.0,1.0,30.0,3.0
78.60753562,14.78427601,1.0,1.0,0.7,17.0,30.0,3.0
78.56052044,14.78595575,2.0,1.0,0.6,13.3,30.0,2.0
78.5427658,14.65849345,1.0,1.0,0.5,13.1,30.0,2.0
78.47831102,14.68349365,2.0,1.0,0.6,15.4,30.0,3.0
78.48421104,14.72211686,2.0,1.0,0.7,16.6,30.0,3.0
78.5214697,14.66970088,2.0,1.0,0.8,18.2,30.0,3.0
78.47360066,14.68583555,2.0,1.0,0.3,8.4,30.0,3.0
78.4900593,14.77182868,2.0,2.0,0.9,22.7,30.0,3.0
78.4871846,14.73139017,2.0,1.0,0.8,19.4,30.0,3.0
78.46588685,14.79194865,2.0,1.0,0.9,21.6,30.0,3.0
78.47268584,14.75778641,2.0,1.0,0.4,9.9,30.0,3.0
78.53585941,14.70090251,2.0,1.0,0.8,19.7,30.0,3.0
78.49257946,14.76530421,2.0,1.0,0.7,16.2,30.0,3.0
78.50530785,14.6716357,2.0,1.0,0.4,10.0,30.0,3.0
78.53432479,14.8020567,2.0,1.0,0.6,14.3,30.0,3.0
78.55300597,14.73895987,1.0,2.0,0.4,9.8,30.0,2.0
78.51151883,14.65971093,2.0,1.0,0.8,18.3,30.0,3.0
78.46717931,14.7311196,1.0,1.0,0.7,16.3,30.0,3.0
78.50549275,14.66400243,2.0,1.0,0.6,14.2,30.0,3.0
78.4907447,14.65964043,1.0,1.0,0.5,12.1,30.0,3.0
78.50569895,14.74283232,2.0,1.0,0.7,17.1,30.0,3.0
78.47718287,14.68651496,2.0,2.0,0.5,13.2,30.0,3.0
78.48884711,14.74654005,2.0,1.0,0.5,12.0,30.0,3.0
78.62425,14.75654426,2.0,1.0,0.6,15.2,30.0,3.0
78.59362043,14.76644118,2.0,2.0,0.4,10.7,30.0,3.0
78.60297873,14.67116695,2.0,1.0,0.8,18.4,50.0,3.0
78.48142709,14.79262228,1.0,1.0,1.0,23.7,30.0,2.0
78.63659077,14.7142887,2.0,1.0,0.4,9.2,30.0,3.0
78.59258747,14.68678304,2.0,1.0,0.3,7.1,30.0,3.0
78.4946614,14.71057322,2.0,1.0,0.8,18.2,30.0,3.0
78.53357623,14.77488344,1.0,1.0,0.4,8.8,30.0,2.0
78.53685882,14.68402626,1.0,1.0,0.5,11.1,30.0,3.0
78.56709982,14.67020131,2.0,2.0,0.7,16.0,30.0,3.0
78.53065774,14.72361297,1.0,1.0,0.5,12.3,30.0,3.0
78.47746472,14.73738805,2.0,1.0,0.1,1.3,30.0,3.0
78.51793329,14.73128241,2.0,1.0,0.4,10.8,30.0,3.0
78.61067443,14.68550805,1.0,2.0,0.6,14.4,30.0,3.0
78.48257773,14.73812699,2.0,1.0,0.8,18.3,30.0,3.0
78.6404428,14.67309326,2.0,1.0,0.8,20.1,30.0,3.0
78.62551446,14.68941398,1.0,1.0,0.4,10.4,30.0,3.0
78.48538339,14.70675255,2.0,1.0,0.8,18.5,30.0,3.0
78.53745082,14.65968377,2.0,1.0,0.5,12.1,30.0,3.0
78.56584996,14.73805299,2.0,1.0,0.7,17.5,30.0,2.0
78.55935083,14.68502036,2.0,1.0,0.5,13.0,30.0,3.0
78.46493143,14.71643165,2.0,1.0,0.4,10.2,30.0,3.0
78.56619066,14.69315943,2.0,1.0,0.4,9.3,30.0,3.0
78.46993459,14.78062945,2.0,1.0,0.5,11.3,30.0,3.0
78.47550379,14.66871617,2.0,1.0,0.3,7.7,30.0,3.0
78.53505735,14.69906911,1.0,1.0,0.4,8.8,30.0,3.0
78.51933271,14.73410675,2.0,1.0,0.4,9.8,30.0,3.0
78.59179153,14.70777362,1.0,1.0,0.9,21.7,30.0,3.0
78.49329067,14.69346451,2.0,1.0,0.5,11.8,30.0,3.0
78.53420955,14.72151243,1.0,1.0,0.6,13.9,30.0,3.0
78.53093522,14.78882978,2.0,1.0,0.4,9.6,30.0,3.0
78.50725909,14.75350412,1.0,2.0,0.1,3.6,30.0,3.0
78.5102802,14.70274489,1.0,1.0,0.5,13.1,30.0,3.0
78.5808981,14.66575815,2.0,1.0,0.6,15.4,30.0,3.0
78.58605699,14.73222975,2.0,1.0,0.3,7.8,30.0,3.0
78.52811924,14.70210249,2.0,1.0,0.3,6.5,30.0,3.0
78.62674996,14.74447804,2.0,1.0,0.8,19.8,30.0,2.0
78.54151592,14.79506404,2.0,1.0,0.5,13.0,30.0,3.0
78.4631131,14.75831549,2.0,1.0,0.4,8.5,30.0,3.0
78.51312119,14.65718127,2.0,1.0,0.5,12.2,30.0,3.0
78.48123514,14.73864743,2.0,1.0,0.3,7.3,30.0,3.0
78.57086987,14.77131098,1.0,1.0,0.6,14.6,30.0,3.0
78.63990636,14.69922755,2.0,1.0,0.7,16.8,30.0,3.0
78.50778068,14.74063066,2.0,1.0,0.8,18.5,30.0,3.0
78.55515124,14.7139189,1.0,1.0,0.1,1.8,30.0,3.0
78.48450653,14.71697911,2.0,1.0,0.8,19.5,30.0,3.0
78.48076453,14.69463831,1.0,1.0,0.5,13.0,30.0,3.0
78.58291037,14.69683078,2.0,1.0,0.6,15.2,30.0,3.0
78.49934564,14.69281141,2.0,1.0,0.7,15.9,30.0,3.0
78.54464327,14.67160922,2.0,1.0,0.7,16.3,30.0,2.0
78.59928762,14.71933092,2.0,1.0,0.8,18.8,30.0,3.0
78.48798864,14.68806447,2.0,1.0,0.7,16.5,30.0,3.0
78.55940945,14.75913761,1.0,1.0,0.7,16.5,40.0,2.0
78.61763143,14.70362266,2.0,1.0,0.4,10.4,30.0,3.0
78.49607191,14.7503929,2.0,1.0,0.7,16.1,30.0,3.0
78.46493053,14.74020017,2.0,1.0,0.2,5.3,30.0,3.0
78.576435,14.71537791,2.0,3.0,0.9,22.1,30.0,3.0
78.56086536,14.79793238,1.0,1.0,1.0,23.6,30.0,3.0
78.52639022,14.77049408,2.0,1.0,0.7,16.7,30.0,3.0
78.59617174,14.78944839,1.0,1.0,0.0,0.9,30.0,3.0
78.59916024,14.79642049,2.0,1.0,0.3,7.2,40.0,3.0
78.62565882,14.79281737,2.0,3.0,0.9,21.5,30.0,3.0
78.52472164,14.73007691,2.0,1.0,0.8,18.3,30.0,3.0
78.51478796,14.66167058,2.0,1.0,0.5,11.1,30.0,3.0
78.48739601,14.7083267,1.0,1.0,0.1,1.8,30.0,3.0
78.49907044,14.79253395,2.0,1.0,0.3,8.4,30.0,3.0
78.53298098,14.80051134,1.0,1.0,0.6,15.5,30.0,3.0
78.51631774,14.7070303,1.0,1.0,0.0,1.1,20.0,2.0
78.51772697,14.76350828,2.0,2.0,0.7,16.5,30.0,3.0
78.56192472,14.74528884,1.0,1.0,0.5,11.1,30.0,2.0
78.58224146,14.71823719,2.0,1.0,0.7,15.8,30.0,3.0
78.46939512,14.79361121,2.0,1.0,0.5,11.5,30.0,2.0
78.61980847,14.75115313,1.0,1.0,0.7,16.3,30.0,2.0
78.48338704,14.78584508,1.0,1.0,0.8,18.2,30.0,3.0
78.5318091,14.67760443,2.0,1.0,0.7,16.3,30.0,3.0
78.52328197,14.78883601,1.0,1.0,0.7,17.2,30.0,3.0
78.52538528,14.76846474,2.0,1.0,0.8,18.8,30.0,3.0
78.59024609,14.7685258,2.0,1.0,0.5,12.6,30.0,3.0
78.56365146,14.71927959,1.0,1.0,0.8,19.0,30.0,2.0
78.56501288,14.79590786,1.0,1.0,0.6,14.3,30.0,3.0
78.57420691,14.7408943,2.0,1.0,0.5,11.3,30.0,2.0
78.57357804,14.74449375,2.0,1.0,0.7,17.3,30.0,3.0
78.56642682,14.74229791,1.0,1.0,0.6,15.0,30.0,3.0
78.58702116,14.71242525,2.0,1.0,0.5,11.5,30.0,3.0
78.61159437,14.7091571,2.0,1.0,0.7,17.3,30.0,3.0
78.57643413,14.70980866,1.0,1.0,0.0,0.7,30.0,3.0
78.47068278,14.78471907,1.0,2.0,0.1,3.5,30.0,3.0
78.5322012,14.79235404,2.0,2.0,0.8,20.2,30.0,3.0
78.62059931,14.70433319,2.0,1.0,0.7,16.7,30.0,3.0
78.58608668,14.71165076,1.0,1.0,0.8,18.0,30.0,3.0
78.62440547,14.76764425,1.0,1.0,0.4,9.3,30.0,3.0
78.50859909,14.70728448,2.0,1.0,0.5,12.7,30.0,3.0
78.54225753,14.79020355,2.0,1.0,0.7,17.1,30.0,3.0
78.48850065,14.66567292,1.0,1.0,0.4,10.7,30.0,3.0
78.51212682,14.67701795,1.0,1.0,0.9,21.4,30.0,2.0
78.48895467,14.68624096,2.0,1.0,0.9,22.3,30.0,3.0
78.51016989,14.77935983,5.0,3.0,0.3,6.7,50.0,3.0
78.5219351,14.75357395,2.0,1.0,0.5,11.9,30.0,3.0
78.54696095,14.73776762,1.0,1.0,0.4,10.1,30.0,3.0
78.53373312,14.68080215,2.0,1.0,0.2,5.8,30.0,2.0
78.51335757,14.77959904,2.0,1.0,0.6,13.3,30.0,3.0
78.49994426,14.67823701,2.0,1.0,0.9,21.5,30.0,3.0
78.58736014,14.76068363,1.0,1.0,0.4,10.5,30.0,3.0
78.64248625,14.71525392,3.0,1.0,0.6,14.0,30.0,3.0
78.46336628,14.65957523,2.0,1.0,0.9,21.5,30.0,3.0
78.48061228,14.67661972,1.0,1.0,0.4,8.5,30.0,2.0
78.62018675,14.77677142,2.0,1.0,0.7,17.3,30.0,3.0
78.53330575,14.78876248,2.0,1.0,0.8,19.4,30.0,2.0
78.51896544,14.80035097,2.0,1.0,1.0,22.8,30.0,3.0
78.54211103,14.72644924,2.0,1.0,0.9,20.8,30.0,3.0
78.53561308,14.71217835,3.0,1.0,0.4,10.0,30.0,3.0
78.56631258,14.67642426,2.0,3.0,0.1,2.8,30.0,3.0
78.50841127,14.72515298,1.0,1.0,0.5,12.5,30.0,3.0
78.48482531,14.79902643,2.0,1.0,0.8,18.1,30.0,2.0
78.50491614,14.66629454,2.0,1.0,0.4,10.0,30.0,2.0
78.55335984,14.78206235,2.0,1.0,0.6,15.0,30.0,2.0
78.62982139,14.69753589,1.0,1.0,0.5,12.0,30.0,2.0
78.61480075,14.77830376,3.0,1.0,0.1,2.8,20.0,3.0
78.50006304,14.7702054,1.0,1.0,0.6,14.4,30.0,3.0
78.55043858,14.78488773,1.0,1.0,0.5,12.4,30.0,3.0
78.54618772,14.68306318,2.0,1.0,0.3,7.5,30.0,3.0
78.54016568,14.75904213,2.0,1.0,0.0,0.5,30.0,3.0
78.62261758,14.78471056,2.0,1.0,0.6,14.6,30.0,3.0
78.53635922,14.71995809,1.0,1.0,0.7,17.8,30.0,2.0
78.60272558,14.74702075,1.0,1.0,0.9,22.5,30.0,2.0
78.49973792,14.7577557,2.0,1.0,0.6,15.5,30.0,3.0
78.62426118,14.80294019,1.0,1.0,0.2,4.9,30.0,3.0
78.60509777,14.74785777,2.0,1.0,1.0,23.3,30.0,3.0
78.47649681,14.71422731,1.0,1.0,0.7,16.0,30.0,3.0
78.50157054,14.77374202,1.0,1.0,0.8,18.8,30.0,3.0
78.56767056,14.74144163,1.0,1.0,0.4,8.4,30.0,3.0
78.47169602,14.74334518,2.0,1.0,0.7,16.3,30.0,3.0
78.58278284,14.75444033,1.0,1.0,0.9,21.0,30.0,3.0
78.63645374,14.73016309,2.0,1.0,0.5,13.1,30.0,3.0
78.62829804,14.6808068,1.0,1.0,0.4,8.5,30.0,3.0
78.48611225,14.6743264,1.0,1.0,0.7,16.0,30.0,3.0
78.47057406,14.74510949,2.0,1.0,0.4,9.3,30.0,3.0
78.51696219,14.69689878,2.0,1.0,0.5,11.3,30.0,3.0
78.53136818,14.7826852,2.0,1.0,0.8,19.1,30.0,3.0
78.53026748,14.76003928,1.0,1.0,0.3,7.4,30.0,2.0
78.49275616,14.76443043,2.0,1.0,0.5,11.7,30.0,3.0
78.54104779,14.73366305,2.0,1.0,0.6,15.2,30.0,3.0
78.61900546,14.72803577,2.0,1.0,0.6,13.5,30.0,2.0
78.59114412,14.69819048,2.0,1.0,0.5,13.0,30.0,3.0
78.57938744,14.68301239,2.0,1.0,0.7,15.8,30.0,3.0
78.57972863,14.77385914,3.0,2.0,0.4,10.1,30.0,3.0
78.59056651,14.66325902,2.0,4.0,0.9,22.4,30.0,2.0
78.5886342,14.72808093,2.0,1.0,0.6,15.3,30.0,2.0
78.63069992,14.77216136,2.0,1.0,0.9,21.3,30.0,3.0
78.47897547,14.71989645,1.0,2.0,0.8,18.0,30.0,3.0
78.61117606,14.76324707,1.0,1.0,0.4,10.7,30.0,3.0
78.55763,14.75949334,1.0,1.0,0.7,17.0,30.0,3.0
78.48349371,14.66969022,1.0,1.0,0.5,11.4,30.0,3.0
78.61141495,14.66390904,1.0,1.0,0.3,6.6,30.0,3.0
78.59137263,14.73503876,1.0,1.0,0.4,8.5,30.0,3.0
78.46939682,14.75124923,1.0,1.0,0.3,7.2,30.0,3.0
78.56254923,14.70553238,3.0,1.0,0.4,9.8,30.0,3.0
78.47848666,14.66385567,1.0,2.0,0.6,15.5,30.0,3.0
78.59783157,14.67646135,2.0,1.0,0.8,19.5,30.0,3.0
78.6110446,14.73713401,2.0,1.0,0.3,7.3,30.0,3.0
78.55864894,14.70959201,1.0,1.0,0.7,17.3,30.0,3.0
78.5000687,14.743162,1.0,1.0,0.8,19.1,30.0,3.0
78.63512749,14.73854156,2.0,1.0,0.9,20.8,30.0,2.0
78.63235571,14.79525681,1.0,2.0,0.8,18.0,30.0,3.0
78.60381126,14.75382235,2.0,1.0,0.5,12.1,30.0,3.0
78.57000228,14.75543854,3.0,1.0,0.5,11.0,30.0,3.0
78.53984569,14.790107,2.0,1.0,0.8,18.3,30.0,3.0
78.48503018,14.69296021,2.0,1.0,0.3,7.0,30.0,3.0
78.62414392,14.67019582,1.0,1.0,0.7,16.9,30.0,3.0
78.5724771,14.74080809,2.0,1.0,0.6,14.5,30.0,3.0
78.56853469,14.78521746,1.0,1.0,0.7,16.9,30.0,3.0
78.51503837,14.79993148,2.0,1.0,0.6,14.0,30.0,3.0
78.5135403,14.71119968,2.0,1.0,0.6,15.6,30.0,3.0
78.46666707,14.66390804,1.0,1.0,0.5,13.0,30.0,3.0
78.50349294,14.71407934,2.0,2.0,0.4,8.7,30.0,3.0
78.52057909,14.7467847,2.0,1.0,0.3,6.8,30.0,3.0
78.54595632,14.73868783,1.0,1.0,0.6,13.5,30.0,2.0
78.60920743,14.66056281,1.0,1.0,0.4,9.1,30.0,3.0
78.6155184,14.79774566,1.0,1.0,0.5,12.9,30.0,3.0
78.62680009,14.68606804,2.0,2.0,0.6,13.8,30.0,3.0
78.51760837,14.76605635,2.0,1.0,0.4,9.9,30.0,3.0
78.63766209,14.78658362,2.0,1.0,0.6,14.8,30.0,3.0
78.50584375,14.77939346,2.0,1.0,0.7,15.7,30.0,3.0
78.49753095,14.67929181,1.0,1.0,0.7,16.3,30.0,3.0
78.54314683,14.7583268,1.0,1.0,0.4,9.1,30.0,3.0
78.62299415,14.70726709,2.0,2.0,0.5,12.4,30.0,3.0
78.48938697,14.76305315,2.0,1.0,0.4,8.5,30.0,3.0
78.58631576,14.79810293,2.0,1.0,0.9,22.2,30.0,3.0
78.49251953,14.65949176,2.0,1.0,0.4,8.8,30.0,3.0
78.55334015,14.70236325,2.0,1.0,0.4,9.0,30.0,3.0
78.60400159,14.66500204,2.0,2.0,0.8,18.5,30.0,1.0
78.52307382,14.71937654,2.0,1.0,0.8,18.8,30.0,3.0
78.56177201,14.71615094,3.0,1.0,0.8,19.0,30.0,3.0
78.59750398,14.6575533,1.0,1.0,0.5,12.8,30.0,3.0
78.49113327,14.65746111,1.0,1.0,0.7,16.8,30.0,3.0
78.58979212,14.70234844,1.0,1.0,0.6,14.0,30.0,2.0
78.62683963,14.66140018,1.0,1.0,0.7,16.5,30.0,3.0
78.50130372,14.6807655,2.0,1.0,0.6,13.7,30.0,3.0
78.49273459,14.73314903,1.0,1.0,0.2,4.1,30.0,3.0
78.58128098,14.79331927,2.0,1.0,0.3,7.8,30.0,3.0
78.46822145,14.78327551,2.0,1.0,0.7,17.8,30.0,3.0
78.56619549,14.7083311,1.0,1.0,0.5,12.4,30.0,3.0
78.56438245,14.79984009,2.0,1.0,0.6,15.0,30.0,3.0
78.55546534,14.7204139,2.0,1.0,1.0,23.6,30.0,3.0
78.55257512,14.80008513,1.0,1.0,0.3,7.3,30.0,3.0
78.5323233,14.78751408,1.0,1.0,0.4,8.8,30.0,3.0
78.56518449,14.70472129,1.0,1.0,0.8,18.2,30.0,2.0
78.53138516,14.74911423,1.0,1.0,0.7,16.4,30.0,3.0
78.50711131,14.65912608,2.0,1.0,0.6,15.0,30.0,3.0
78.50078786,14.78622968,2.0,1.0,0.7,17.3,30.0,3.0
78.49721907,14.66707582,2.0,1.0,1.0,23.8,30.0,3.0
78.64054808,14.67912083,1.0,2.0,0.6,15.0,30.0,2.0
78.6284478,14.67680266,1.0,1.0,0.0,0.7,30.0,3.0
78.5897334,14.70916668,1.0,1.0,0.7,17.8,30.0,3.0
78.54045764,14.7876494,2.0,1.0,0.3,6.6,30.0,3.0
78.5955878,14.71106954,2.0,1.0,0.6,13.7,30.0,3.0
78.57351433,14.77432077,1.0,4.0,0.0,0.1,30.0,3.0
78.51430445,14.69269545,1.0,1.0,0.7,17.3,30.0,3.0
78.59735691,14.75603082,2.0,1.0,0.7,17.2,30.0,3.0
78.53516913,14.74091404,2.0,2.0,0.7,17.5,30.0,3.0
78.58953697,14.67304314,1.0,1.0,0.6,13.8,30.0,3.0
78.58053771,14.71341865,2.0,2.0,0.3,8.0,30.0,2.0
78.54510769,14.78434887,2.0,1.0,0.6,13.3,30.0,3.0
78.48300099,14.80254117,2.0,1.0,0.9,22.6,30.0,3.0
78.54907878,14.79621693,2.0,1.0,0.3,8.3,30.0,3.0
78.54353757,14.70618712,2.0,1.0,0.4,10.6,30.0,3.0
78.62647118,14.69417703,1.0,1.0,0.4,9.3,30.0,3.0
78.56903287,14.74397032,1.0,1.0,0.6,13.3,30.0,3.0
78.51247311,14.7484772,1.0,1.0,0.4,8.7,30.0,3.0
78.46680009,14.7576191,2.0,1.0,0.6,13.9,30.0,3.0
78.52691759,14.69228534,1.0,1.0,0.7,16.5,30.0,2.0
78.47947198,14.73744548,1.0,1.0,1.0,23.0,30.0,2.0
78.4854993,14.67602407,1.0,2.0,0.4,8.8,30.0,3.0
78.50724393,14.68608263,1.0,2.0,0.4,8.6,30.0,3.0
78.49225847,14.72368583,1.0,1.0,0.5,13.0,30.0,3.0
78.59783171,14.68572673,2.0,1.0,0.7,17.0,30.0,3.0
78.6156299,14.73441088,2.0,1.0,0.4,8.7,30.0,3.0
78.60990863,14.72349093,1.0,1.0,0.7,17.8,30.0,3.0
78.56981754,14.69936499,2.0,1.0,0.6,13.6,30.0,3.0
78.53721421,14.73704277,3.0,2.0,0.6,13.8,30.0,3.0
78.48877285,14.68288463,1.0,1.0,0.6,15.1,30.0,3.0
78.5140371,14.77456414,2.0,1.0,0.3,8.0,30.0,3.0
78.55551995,14.69614753,1.0,1.0,0.7,17.4,30.0,3.0
78.48119567,14.6829527,1.0,1.0,0.5,11.4,30.0,3.0
78.59054995,14.67395742,1.0,1.0,0.7,16.7,30.0,3.0
78.47144518,14.71586552,1.0,1.0,0.4,8.5,30.0,2.0
78.53021256,14.79552432,2.0,2.0,0.5,11.3,30.0,3.0
78.59691843,14.77873799,2.0,1.0,0.4,9.3,30.0,3.0
78.6187215,14.69522894,2.0,1.0,0.5,11.0,30.0,3.0
78.4944526,14.72024776,2.0,1.0,0.5,11.1,30.0,3.0
78.51422911,14.75296116,2.0,1.0,0.9,21.2,30.0,3.0
78.49459181,14.6818279,2.0,1.0,0.4,9.6,30.0,3.0
78.60534967,14.76181126,2.0,1.0,0.7,17.8,30.0,3.0
78.54418105,14.79931008,2.0,2.0,0.0,0.6,30.0,3.0
78.59202187,14.79407915,2.0,1.0,0.7,17.7,30.0,3.0
78.60155943,14.70517216,2.0,1.0,0.3,7.9,30.0,3.0
78.55611035,14.7461068,2.0,1.0,0.4,10.0,30.0,3.0
78.55376423,14.70384594,2.0,1.0,0.7,16.8,30.0,3.0
78.50606069,14.74387701,2.0,1.0,0.7,17.3,30.0,3.0
78.46548973,14.78120299,2.0,1.0,0.8,19.4,30.0,3.0
78.59517342,14.76292929,2.0,1.0,0.3,7.4,30.0,3.0
78.61377416,14.6756408,2.0,1.0,0.6,13.3,30.0,2.0
78.56356802,14.79912984,2.0,1.0,0.4,10.3,30.0,3.0
78.63459016,14.79716609,2.0,1.0,0.7,17.0,30.0,2.0
78.60666952,14.67390709,2.0,1.0,0.8,18.5,30.0,3.0
78.51777863,14.75835271,1.0,1.0,0.4,10.8,30.0,3.0
78.55779501,14.80123396,2.0,1.0,0.5,13.0,30.0,3.0
78.52351294,14.74277571,2.0,1.0,0.6,14.7,30.0,3.0
78.48234424,14.7301105,1.0,1.0,0.3,8.0,30.0,2.0
78.63481386,14.65966473,2.0,1.0,0.4,9.0,30.0,3.0
78.53008164,14.74329191,1.0,2.0,0.4,9.8,30.0,3.0
78.54080922,14.71586046,1.0,2.0,0.6,14.3,30.0,3.0
78.48031229,14.70212948,2.0,1.0,0.8,20.3,30.0,3.0
78.48460162,14.70841191,2.0,1.0,0.7,17.0,30.0,2.0
78.51127093,14.79777924,2.0,1.0,0.4,8.9,30.0,3.0
78.46333383,14.70727257,2.0,1.0,0.3,7.8,30.0,3.0
78.54225748,14.80046083,2.0,1.0,0.4,9.4,30.0,3.0
78.57190666,14.78907694,2.0,1.0,0.4,9.9,30.0,3.0
78.50426524,14.79945393,1.0,1.0,0.6,14.7,30.0,3.0
78.48101009,14.78829459,2.0,1.0,0.4,9.8,30.0,3.0
78.59997217,14.77977565,2.0,1.0,0.5,12.7,30.0,2.0
78.54412742,14.6784666,2.0,1.0,0.3,6.7,30.0,3.0
78.63005659,14.77176603,3.0,1.0,0.8,18.3,30.0,3.0
78.46497986,14.69016136,1.0,1.0,1.0,23.8,30.0,3.0
78.63110453,14.77783923,1.0,1.0,0.5,11.0,30.0,3.0
78.58212361,14.73555443,1.0,1.0,0.5,11.6,30.0,3.0
78.481781,14.75732563,1.0,1.0,0.0,1.0,30.0,3.0
78.6298154,14.75210662,2.0,1.0,0.2,4.7,30.0,2.0
78.50195444,14.68076189,2.0,1.0,0.5,13.0,30.0,3.0
78.50935404,14.79884464,2.0,1.0,0.8,18.4,30.0,2.0
78.57215175,14.69208577,2.0,1.0,0.0,0.7,30.0,2.0
78.48590151,14.66780262,2.0,1.0,0.9,22.6,30.0,3.0
78.52675179,14.68000276,1.0,1.0,0.9,22.1,30.0,3.0
78.50437849,14.72976262,1.0,1.0,0.9,20.9,30.0,3.0
78.47233894,14.76657033,2.0,1.0,0.4,8.5,30.0,2.0
78.48501892,14.76527109,2.0,1.0,0.5,11.0,30.0,3.0
78.51385823,14.72109644,2.0,1.0,0.3,8.0,30.0,3.0
78.63189793,14.80389512,2.0,1.0,0.8,18.5,30.0,3.0
78.6077837,14.7177948,1.0,1.0,0.6,13.4,30.0,3.0
78.5035625,14.74055436,1.0,1.0,0.4,10.4,30.0,2.0
78.62272381,14.7595178,2.0,1.0,0.8,18.8,30.0,3.0
78.57900679,14.67517085,2.0,1.0,0.3,8.1,30.0,3.0
78.58490398,14.75432212,1.0,1.0,1.0,23.6,30.0,3.0
78.61868466,14.80205768,2.0,1.0,0.4,10.5,30.0,3.0
78.47240785,14.72129037,2.0,1.0,0.4,8.7,30.0,3.0
78.60421504,14.69458491,2.0,1.0,0.7,17.3,30.0,3.0
78.5805107,14.78718012,2.0,1.0,0.4,8.9,30.0,3.0
78.56092411,14.7581321,2.0,1.0,0.5,12.1,30.0,3.0
78.52677415,14.79166422,1.0,1.0,0.5,12.8,30.0,3.0
78.50360531,14.71696381,2.0,1.0,0.8,18.4,30.0,3.0
78.55306561,14.72759159,1.0,1.0,0.8,18.4,30.0,3.0
78.57923607,14.75503333,2.0,1.0,0.5,12.5,30.0,3.0
78.60897602,14.71158925,2.0,1.0,0.7,17.8,30.0,3.0
78.5765598,14.74213262,2.0,1.0,0.2,3.7,30.0,3.0
78.52671841,14.68078867,3.0,1.0,0.3,7.1,30.0,3.0
78.55524463,14.69042546,2.0,1.0,0.4,9.0,30.0,3.0
78.59981572,14.66267877,2.0,1.0,0.6,15.6,30.0,3.0
78.59530615,14.76500544,2.0,1.0,0.4,8.7,30.0,3.0
78.55812426,14.78133298,2.0,1.0,0.9,20.6,30.0,2.0
78.54913761,14.71192792,2.0,1.0,0.9,22.2,30.0,2.0
78.62410843,14.800773,2.0,1.0,0.8,18.6,30.0,3.0
78.47041434,14.68409158,2.0,1.0,0.6,14.1,30.0,3.0
78.61701576,14.79077621,2.0,1.0,0.7,16.8,30.0,3.0
78.61363208,14.72823997,2.0,2.0,0.7,16.5,30.0,3.0
78.51988468,14.65956328,2.0,1.0,0.7,17.6,30.0,2.0
78.48496094,14.79594421,1.0,1.0,0.4,10.0,30.0,3.0
78.50287253,14.74612678,2.0,1.0,0.4,10.7,30.0,3.0
78.58058655,14.80031115,2.0,1.0,0.8,18.5,30.0,3.0
78.49428733,14.76244503,1.0,1.0,0.7,17.3,30.0,3.0
78.50046113,14.77152119,1.0,2.0,0.9,20.8,30.0,3.0
78.57387995,14.80206553,2.0,1.0,0.4,8.7,30.0,3.0
78.51623317,14.75131348,2.0,1.0,0.7,17.4,30.0,3.0
78.6402818,14.73302098,1.0,1.0,0.4,10.8,30.0,3.0
78.54162106,14.7588339,2.0,1.0,0.8,19.7,30.0,3.0
78.52199921,14.7642602,3.0,1.0,0.9,21.3,30.0,3.0
78.59125372,14.71880254,2.0,2.0,0.7,15.9,30.0,3.0
78.53062204,14.71267981,2.0,1.0,0.3,6.4,30.0,3.0
78.64212059,14.80129314,2.0,2.0,0.4,10.0,30.0,3.0
78.55728206,14.80405137,2.0,1.0,0.6,13.8,30.0,2.0
78.4712504,14.76199062,2.0,1.0,0.7,16.5,30.0,3.0
78.58077043,14.77915954,2.0,1.0,0.9,21.4,30.0,3.0
78.4981185,14.77386605,2.0,1.0,0.5,11.0,30.0,3.0
78.48082942,14.68198157,2.0,1.0,0.7,16.7,30.0,3.0
78.61845746,14.70530229,2.0,1.0,0.7,17.8,30.0,2.0
78.565759,14.71850349,2.0,1.0,0.4,8.8,30.0,3.0
78.54562702,14.67216735,1.0,1.0,0.8,18.4,30.0,3.0
78.49898473,14.67618602,2.0,1.0,0.8,19.3,30.0,3.0
78.47198115,14.76735588,2.0,1.0,0.9,22.5,30.0,3.0
78.48356356,14.70423813,2.0,1.0,0.4,8.9,30.0,3.0
78.58904911,14.79435882,2.0,1.0,0.4,8.6,30.0,3.0
78.62505423,14.70908493,2.0,1.0,0.6,14.1,30.0,3.0
78.55092445,14.69439544,2.0,1.0,0.5,11.9,30.0,3.0
78.63293401,14.71486985,1.0,2.0,0.6,13.7,30.0,3.0
78.56442251,14.66937096,2.0,3.0,0.5,12.1,30.0,3.0
78.60146746,14.79622256,1.0,1.0,0.4,9.5,30.0,3.0
78.59130349,14.7055304,2.0,1.0,0.9,22.2,30.0,3.0
78.49714429,14.77110248,1.0,1.0,0.6,14.1,30.0,3.0
78.592467,14.75885674,2.0,1.0,0.6,15.0,30.0,3.0
78.54665341,14.68735332,1.0,1.0,0.9,22.3,30.0,3.0
78.48093135,14.68614898,1.0,1.0,0.7,16.0,30.0,2.0
78.50126363,14.67650299,1.0,2.0,0.3,7.8,30.0,3.0
78.50608562,14.77596271,2.0,1.0,0.4,8.8,30.0,3.0
78.55410678,14.73111662,2.0,1.0,0.9,21.0,30.0,3.0
78.59129213,14.68709198,1.0,1.0,0.9,22.5,30.0,3.0
78.4970115,14.78899457,2.0,1.0,0.6,14.5,30.0,3.0
78.60609968,14.70943043,1.0,1.0,0.6,15.4,30.0,3.0
